{"cameraMode":{"drawMode":0,"name":"Shaded","section":"Shading Mode"},"sceneLighting":true,"audioPlay":false,"sceneViewState":{"showFog":false,"showMaterialUpdate":false,"showSkybox":false,"showFlares":false,"showImageEffects":false,"showParticleSystems":false},"in2DMode":false,"pivot":{"x":-0.19104953110218049,"y":1.8875566720962525,"z":3.8332669734954836},"rotation":{"x":0.09300052374601364,"y":-0.06088671833276749,"z":0.005693637765944004,"w":0.9937947988510132},"size":1.4143412113189698,"orthographic":false}