{"cameraMode":{"drawMode":0,"name":"Shaded","section":"Shading Mode"},"sceneLighting":true,"audioPlay":false,"sceneViewState":{"showFog":false,"showMaterialUpdate":false,"showSkybox":false,"showFlares":false,"showImageEffects":false,"showParticleSystems":false},"in2DMode":false,"pivot":{"x":-17.44151496887207,"y":-24.001487731933595,"z":108.97950744628906},"rotation":{"x":0.15640155971050263,"y":-0.0970010831952095,"z":0.0154184028506279,"w":0.9828282594680786},"size":87.41865539550781,"orthographic":false}